dataset,year,measurement_date,veg_type,plot_transect,measurement_number,value,min.depth,max.depth
Territorial_park_survey,1986,August?,HER,NA,6,20,NA,NA
Territorial_park_survey,1986,August?,HER,NA,6,21,NA,NA
Territorial_park_survey,1986,August?,HER,NA,6,18,NA,NA
Territorial_park_survey,1986,August?,HER,NA,6,20,NA,NA
Territorial_park_survey,1986,August?,HER,NA,6,22,NA,NA
Territorial_park_survey,1986,August?,HER,NA,6,17,NA,NA
Territorial_park_survey,1986,August?,HER,NA,6,21,NA,NA
Territorial_park_survey,1986,August?,HER,NA,6,28,NA,NA
Territorial_park_survey,1986,August?,HER,NA,6,27,NA,NA
Territorial_park_survey,1986,August?,HER,NA,6,23,NA,NA
Territorial_park_survey,1986,August?,HER,NA,13,48,NA,NA
Territorial_park_survey,1986,August?,HER,NA,13,32,NA,NA
Territorial_park_survey,1986,August?,HER,NA,13,23,NA,NA
Territorial_park_survey,1986,August?,HER,NA,13,32,NA,NA
Territorial_park_survey,1986,August?,HER,NA,13,28,NA,NA
Territorial_park_survey,1986,August?,HER,NA,13,30,NA,NA
Territorial_park_survey,1986,August?,HER,NA,13,33,NA,NA
Territorial_park_survey,1986,August?,HER,NA,13,22,NA,NA
Territorial_park_survey,1986,August?,HER,NA,13,37,NA,NA
Territorial_park_survey,1986,August?,HER,NA,13,24,NA,NA
Territorial_park_survey,1986,August?,HER,NA,15,26,NA,NA
Territorial_park_survey,1986,August?,HER,NA,15,33,NA,NA
Territorial_park_survey,1986,August?,HER,NA,15,29,NA,NA
Territorial_park_survey,1986,August?,HER,NA,15,30,NA,NA
Territorial_park_survey,1986,August?,HER,NA,15,20,NA,NA
Territorial_park_survey,1986,August?,HER,NA,15,23,NA,NA
Territorial_park_survey,1986,August?,HER,NA,15,17,NA,NA
Territorial_park_survey,1986,August?,HER,NA,15,23,NA,NA
Territorial_park_survey,1986,August?,HER,NA,15,18,NA,NA
Territorial_park_survey,1986,August?,HER,NA,15,20,NA,NA
Territorial_park_survey,1986,August?,KOM,NA,8,51,NA,NA
Territorial_park_survey,1986,August?,KOM,NA,8,40,NA,NA
Territorial_park_survey,1986,August?,KOM,NA,8,46,NA,NA
Territorial_park_survey,1986,August?,KOM,NA,8,48,NA,NA
Territorial_park_survey,1986,August?,KOM,NA,8,34,NA,NA
Territorial_park_survey,1986,August?,KOM,NA,8,35,NA,NA
Territorial_park_survey,1986,August?,KOM,NA,8,15,NA,NA
Territorial_park_survey,1986,August?,KOM,NA,8,20,NA,NA
Territorial_park_survey,1986,August?,KOM,NA,8,14,NA,NA
Territorial_park_survey,1986,August?,KOM,NA,8,22,NA,NA
Territorial_park_survey,1986,August?,KOM,NA,14,30,NA,NA
Territorial_park_survey,1986,August?,KOM,NA,14,39,NA,NA
Territorial_park_survey,1986,August?,KOM,NA,14,41,NA,NA
Territorial_park_survey,1986,August?,KOM,NA,14,32,NA,NA
Territorial_park_survey,1986,August?,KOM,NA,14,43,NA,NA
Territorial_park_survey,1986,August?,KOM,NA,14,34,NA,NA
Territorial_park_survey,1986,August?,KOM,NA,14,40,NA,NA
Territorial_park_survey,1986,August?,KOM,NA,14,30,NA,NA
Territorial_park_survey,1986,August?,KOM,NA,14,33,NA,NA
Territorial_park_survey,1986,August?,KOM,NA,14,27,NA,NA
Burn_2009,2003,12-Aug-03,KOM,NA,NA,45.5,40,65
Burn_2009,2004,09-Aug-04,KOM,NA,NA,49,40,65
Burn_2009,2005,04-Aug-05,KOM,NA,NA,46.5,41,59
Burn_2009,2006,01-Aug-06,KOM,NA,NA,50.5,46,56
Snow_station_number,2006,16-Aug-06,KOM,841,1,45,NA,NA
Snow_station_number,2006,16-Aug-06,KOM,840,1,45,NA,NA
Snow_station_number,2006,16-Aug-06,KOM,839,1,60,NA,NA
Snow_station_number,2006,16-Aug-06,KOM,838,1,50,NA,NA
Snow_station_number,2006,16-Aug-06,KOM,837,1,55,NA,NA
Snow_station_number,2006,16-Aug-06,KOM,836,1,60,NA,NA
Snow_station_number,2006,16-Aug-06,KOM,835,1,60,NA,NA
Snow_station_number,2006,16-Aug-06,KOM,834,1,45,NA,NA
Snow_station_number,2006,16-Aug-06,KOM,833,1,60,NA,NA
Snow_station_number,2006,16-Aug-06,KOM,832,1,45,NA,NA
Snow_station_number,2006,16-Aug-06,KOM,841,2,35,NA,NA
Snow_station_number,2006,16-Aug-06,KOM,840,2,45,NA,NA
Snow_station_number,2006,16-Aug-06,KOM,839,2,55,NA,NA
Snow_station_number,2006,16-Aug-06,KOM,838,2,45,NA,NA
Snow_station_number,2006,16-Aug-06,KOM,837,2,55,NA,NA
Snow_station_number,2006,16-Aug-06,KOM,836,2,40,NA,NA
Snow_station_number,2006,16-Aug-06,KOM,835,2,50,NA,NA
Snow_station_number,2006,16-Aug-06,KOM,834,2,45,NA,NA
Snow_station_number,2006,16-Aug-06,KOM,833,2,55,NA,NA
Snow_station_number,2006,16-Aug-06,KOM,832,2,45,NA,NA
Snow_station_number,2006,16-Aug-06,KOM,841,3,45,NA,NA
Snow_station_number,2006,16-Aug-06,KOM,840,3,45,NA,NA
Snow_station_number,2006,16-Aug-06,KOM,839,3,40,NA,NA
Snow_station_number,2006,16-Aug-06,KOM,838,3,50,NA,NA
Snow_station_number,2006,16-Aug-06,KOM,837,3,50,NA,NA
Snow_station_number,2006,16-Aug-06,KOM,836,3,35,NA,NA
Snow_station_number,2006,16-Aug-06,KOM,835,3,60,NA,NA
Snow_station_number,2006,16-Aug-06,KOM,834,3,45,NA,NA
Snow_station_number,2006,16-Aug-06,KOM,833,3,50,NA,NA
Snow_station_number,2006,16-Aug-06,KOM,832,3,50,NA,NA
Snow_station_number,2006,16-Aug-06,KOM,841,4,40,NA,NA
Snow_station_number,2006,16-Aug-06,KOM,840,4,45,NA,NA
Snow_station_number,2006,16-Aug-06,KOM,839,4,50,NA,NA
Snow_station_number,2006,16-Aug-06,KOM,838,4,50,NA,NA
Snow_station_number,2006,16-Aug-06,KOM,837,4,50,NA,NA
Snow_station_number,2006,16-Aug-06,KOM,836,4,40,NA,NA
Snow_station_number,2006,16-Aug-06,KOM,835,4,50,NA,NA
Snow_station_number,2006,16-Aug-06,KOM,834,4,35,NA,NA
Snow_station_number,2006,16-Aug-06,KOM,833,4,65,NA,NA
Snow_station_number,2006,16-Aug-06,KOM,832,4,50,NA,NA
Snow_station_number,2006,16-Aug-06,KOM,841,5,45,NA,NA
Snow_station_number,2006,16-Aug-06,KOM,840,5,40,NA,NA
Snow_station_number,2006,16-Aug-06,KOM,839,5,40,NA,NA
Snow_station_number,2006,16-Aug-06,KOM,838,5,50,NA,NA
Snow_station_number,2006,16-Aug-06,KOM,837,5,30,NA,NA
Snow_station_number,2006,16-Aug-06,KOM,836,5,60,NA,NA
Snow_station_number,2006,16-Aug-06,KOM,835,5,55,NA,NA
Snow_station_number,2006,16-Aug-06,KOM,834,5,35,NA,NA
Snow_station_number,2006,16-Aug-06,KOM,833,5,50,NA,NA
Snow_station_number,2006,16-Aug-06,KOM,832,5,50,NA,NA
Snow_station_number,2006,16-Aug-06,KOM,841,6,40,NA,NA
Snow_station_number,2006,16-Aug-06,KOM,840,6,40,NA,NA
Snow_station_number,2006,16-Aug-06,KOM,839,6,30,NA,NA
Snow_station_number,2006,16-Aug-06,KOM,838,6,45,NA,NA
Snow_station_number,2006,16-Aug-06,KOM,837,6,40,NA,NA
Snow_station_number,2006,16-Aug-06,KOM,836,6,50,NA,NA
Snow_station_number,2006,16-Aug-06,KOM,835,6,70,NA,NA
Snow_station_number,2006,16-Aug-06,KOM,834,6,40,NA,NA
Snow_station_number,2006,16-Aug-06,KOM,833,6,40,NA,NA
Snow_station_number,2006,16-Aug-06,KOM,832,6,50,NA,NA
Snow_station_number,2006,16-Aug-06,KOM,841,7,35,NA,NA
Snow_station_number,2006,16-Aug-06,KOM,840,7,40,NA,NA
Snow_station_number,2006,16-Aug-06,KOM,839,7,50,NA,NA
Snow_station_number,2006,16-Aug-06,KOM,838,7,50,NA,NA
Snow_station_number,2006,16-Aug-06,KOM,837,7,40,NA,NA
Snow_station_number,2006,16-Aug-06,KOM,836,7,55,NA,NA
Snow_station_number,2006,16-Aug-06,KOM,835,7,45,NA,NA
Snow_station_number,2006,16-Aug-06,KOM,834,7,20,NA,NA
Snow_station_number,2006,16-Aug-06,KOM,833,7,50,NA,NA
Snow_station_number,2006,16-Aug-06,KOM,832,7,50,NA,NA
Snow_station_number,2006,16-Aug-06,KOM,841,8,45,NA,NA
Snow_station_number,2006,16-Aug-06,KOM,840,8,40,NA,NA
Snow_station_number,2006,16-Aug-06,KOM,839,8,50,NA,NA
Snow_station_number,2006,16-Aug-06,KOM,838,8,55,NA,NA
Snow_station_number,2006,16-Aug-06,KOM,837,8,50,NA,NA
Snow_station_number,2006,16-Aug-06,KOM,836,8,55,NA,NA
Snow_station_number,2006,16-Aug-06,KOM,835,8,45,NA,NA
Snow_station_number,2006,16-Aug-06,KOM,834,8,45,NA,NA
Snow_station_number,2006,16-Aug-06,KOM,833,8,40,NA,NA
Snow_station_number,2006,16-Aug-06,KOM,832,8,50,NA,NA
Snow_station_number,2006,16-Aug-06,KOM,841,9,40,NA,NA
Snow_station_number,2006,16-Aug-06,KOM,840,9,40,NA,NA
Snow_station_number,2006,16-Aug-06,KOM,839,9,50,NA,NA
Snow_station_number,2006,16-Aug-06,KOM,838,9,50,NA,NA
Snow_station_number,2006,16-Aug-06,KOM,837,9,50,NA,NA
Snow_station_number,2006,16-Aug-06,KOM,836,9,40,NA,NA
Snow_station_number,2006,16-Aug-06,KOM,835,9,50,NA,NA
Snow_station_number,2006,16-Aug-06,KOM,834,9,45,NA,NA
Snow_station_number,2006,16-Aug-06,KOM,833,9,50,NA,NA
Snow_station_number,2006,16-Aug-06,KOM,832,9,50,NA,NA
Snow_station_number,2006,16-Aug-06,KOM,841,10,45,NA,NA
Snow_station_number,2006,16-Aug-06,KOM,840,10,35,NA,NA
Snow_station_number,2006,16-Aug-06,KOM,839,10,50,NA,NA
Snow_station_number,2006,16-Aug-06,KOM,838,10,50,NA,NA
Snow_station_number,2006,16-Aug-06,KOM,837,10,40,NA,NA
Snow_station_number,2006,16-Aug-06,KOM,836,10,50,NA,NA
Snow_station_number,2006,16-Aug-06,KOM,835,10,70,NA,NA
Snow_station_number,2006,16-Aug-06,KOM,834,10,45,NA,NA
Snow_station_number,2006,16-Aug-06,KOM,833,10,55,NA,NA
Snow_station_number,2006,16-Aug-06,KOM,832,10,50,NA,NA
Burn_2009,2007,29-Jul-07,KOM,NA,NA,57.5,50,72
Snow_station_number,2007,16-Aug-07,KOM,841,1,56,NA,NA
Snow_station_number,2007,16-Aug-07,KOM,840,1,62,NA,NA
Snow_station_number,2007,16-Aug-07,KOM,839,1,71,NA,NA
Snow_station_number,2007,16-Aug-07,KOM,838,1,58,NA,NA
Snow_station_number,2007,16-Aug-07,KOM,837,1,66,NA,NA
Snow_station_number,2007,16-Aug-07,KOM,836,1,67,NA,NA
Snow_station_number,2007,16-Aug-07,KOM,835,1,73,NA,NA
Snow_station_number,2007,16-Aug-07,KOM,834,1,51,NA,NA
Snow_station_number,2007,16-Aug-07,KOM,833,1,53,NA,NA
Snow_station_number,2007,16-Aug-07,KOM,832,1,55,NA,NA
Snow_station_number,2007,16-Aug-07,KOM,841,2,52,NA,NA
Snow_station_number,2007,16-Aug-07,KOM,840,2,66,NA,NA
Snow_station_number,2007,16-Aug-07,KOM,839,2,70,NA,NA
Snow_station_number,2007,16-Aug-07,KOM,838,2,54,NA,NA
Snow_station_number,2007,16-Aug-07,KOM,837,2,59,NA,NA
Snow_station_number,2007,16-Aug-07,KOM,836,2,64,NA,NA
Snow_station_number,2007,16-Aug-07,KOM,835,2,66,NA,NA
Snow_station_number,2007,16-Aug-07,KOM,834,2,34,NA,NA
Snow_station_number,2007,16-Aug-07,KOM,833,2,67,NA,NA
Snow_station_number,2007,16-Aug-07,KOM,832,2,52,NA,NA
Snow_station_number,2007,16-Aug-07,KOM,841,3,57,NA,NA
Snow_station_number,2007,16-Aug-07,KOM,840,3,67,NA,NA
Snow_station_number,2007,16-Aug-07,KOM,839,3,86,NA,NA
Snow_station_number,2007,16-Aug-07,KOM,838,3,53,NA,NA
Snow_station_number,2007,16-Aug-07,KOM,837,3,62,NA,NA
Snow_station_number,2007,16-Aug-07,KOM,836,3,55,NA,NA
Snow_station_number,2007,16-Aug-07,KOM,835,3,67,NA,NA
Snow_station_number,2007,16-Aug-07,KOM,834,3,42,NA,NA
Snow_station_number,2007,16-Aug-07,KOM,833,3,62,NA,NA
Snow_station_number,2007,16-Aug-07,KOM,832,3,55,NA,NA
Snow_station_number,2007,16-Aug-07,KOM,841,4,57,NA,NA
Snow_station_number,2007,16-Aug-07,KOM,840,4,69,NA,NA
Snow_station_number,2007,16-Aug-07,KOM,839,4,66,NA,NA
Snow_station_number,2007,16-Aug-07,KOM,838,4,60,NA,NA
Snow_station_number,2007,16-Aug-07,KOM,837,4,42,NA,NA
Snow_station_number,2007,16-Aug-07,KOM,836,4,68,NA,NA
Snow_station_number,2007,16-Aug-07,KOM,835,4,59,NA,NA
Snow_station_number,2007,16-Aug-07,KOM,834,4,50,NA,NA
Snow_station_number,2007,16-Aug-07,KOM,833,4,67,NA,NA
Snow_station_number,2007,16-Aug-07,KOM,832,4,53,NA,NA
Snow_station_number,2007,16-Aug-07,KOM,841,5,52,NA,NA
Snow_station_number,2007,16-Aug-07,KOM,840,5,66,NA,NA
Snow_station_number,2007,16-Aug-07,KOM,839,5,64,NA,NA
Snow_station_number,2007,16-Aug-07,KOM,838,5,52,NA,NA
Snow_station_number,2007,16-Aug-07,KOM,837,5,59,NA,NA
Snow_station_number,2007,16-Aug-07,KOM,836,5,63,NA,NA
Snow_station_number,2007,16-Aug-07,KOM,835,5,71,NA,NA
Snow_station_number,2007,16-Aug-07,KOM,834,5,57,NA,NA
Snow_station_number,2007,16-Aug-07,KOM,833,5,58,NA,NA
Snow_station_number,2007,16-Aug-07,KOM,832,5,53,NA,NA
Snow_fence,2008,mid_august,KOM/HER,1m,1,52,NA,NA
Snow_fence,2008,mid_august,KOM/HER,1m,2,48,NA,NA
Snow_fence,2008,mid_august,KOM/HER,1m,3,48,NA,NA
Snow_fence,2008,mid_august,KOM/HER,1m,4,48,NA,NA
Snow_fence,2008,mid_august,KOM/HER,1m,5,40,NA,NA
Snow_fence,2008,mid_august,KOM/HER,1m,6,50,NA,NA
Snow_fence,2008,mid_august,KOM/HER,1m,7,45,NA,NA
Snow_fence,2008,mid_august,KOM/HER,1m,8,44,NA,NA
Snow_fence,2008,mid_august,KOM/HER,1m,9,45,NA,NA
Snow_fence,2008,mid_august,KOM/HER,1m,10,42,NA,NA
Snow_fence,2008,mid_august,KOM/HER,1m,11,53,NA,NA
Snow_fence,2008,mid_august,KOM/HER,1m,12,47,NA,NA
Snow_fence,2008,mid_august,KOM/HER,1m,13,40,NA,NA
Snow_fence,2008,mid_august,KOM/HER,1m,14,55,NA,NA
Snow_fence,2008,mid_august,KOM/HER,1m,15,44,NA,NA
Snow_fence,2008,mid_august,KOM/HER,1m,16,52,NA,NA
Snow_fence,2008,mid_august,KOM/HER,1m,17,46,NA,NA
Snow_fence,2008,mid_august,KOM/HER,1m,18,47,NA,NA
Snow_fence,2008,mid_august,KOM/HER,1m,19,44,NA,NA
Snow_fence,2008,mid_august,KOM/HER,1m,20,45,NA,NA
Snow_fence,2008,mid_august,KOM/HER,Fence,1,54,NA,NA
Snow_fence,2008,mid_august,KOM/HER,Fence,2,55,NA,NA
Snow_fence,2008,mid_august,KOM/HER,Fence,3,60,NA,NA
Snow_fence,2008,mid_august,KOM/HER,Fence,4,46,NA,NA
Snow_fence,2008,mid_august,KOM/HER,Fence,5,56,NA,NA
Snow_fence,2008,mid_august,KOM/HER,Fence,6,48,NA,NA
Snow_fence,2008,mid_august,KOM/HER,Fence,7,50,NA,NA
Snow_fence,2008,mid_august,KOM/HER,Fence,8,51,NA,NA
Snow_fence,2008,mid_august,KOM/HER,Fence,9,51,NA,NA
Snow_fence,2008,mid_august,KOM/HER,Fence,10,47,NA,NA
Snow_fence,2008,mid_august,KOM/HER,Fence,11,38,NA,NA
Snow_fence,2008,mid_august,KOM/HER,Fence,12,53,NA,NA
Snow_fence,2008,mid_august,KOM/HER,Fence,13,50,NA,NA
Snow_fence,2008,mid_august,KOM/HER,Fence,14,51,NA,NA
Snow_fence,2008,mid_august,KOM/HER,Fence,15,55,NA,NA
Snow_fence,2008,mid_august,KOM/HER,Fence,16,45,NA,NA
Snow_fence,2008,mid_august,KOM/HER,Fence,17,46,NA,NA
Snow_fence,2008,mid_august,KOM/HER,Fence,18,57,NA,NA
Snow_fence,2008,mid_august,KOM/HER,Fence,19,60,NA,NA
Snow_fence,2008,mid_august,KOM/HER,Fence,20,59,NA,NA
Snow_fence,2008,mid_august,KOM/HER,Fence 2,1,49,NA,NA
Snow_fence,2008,mid_august,KOM/HER,Fence 2,2,50,NA,NA
Snow_fence,2008,mid_august,KOM/HER,Fence 2,3,50,NA,NA
Snow_fence,2008,mid_august,KOM/HER,Fence 2,4,45,NA,NA
Snow_fence,2008,mid_august,KOM/HER,Fence 2,5,40,NA,NA
Snow_fence,2008,mid_august,KOM/HER,Fence 2,6,45,NA,NA
Snow_fence,2008,mid_august,KOM/HER,Fence 2,7,44,NA,NA
Snow_fence,2008,mid_august,KOM/HER,Fence 2,8,50,NA,NA
Snow_fence,2008,mid_august,KOM/HER,Fence 2,9,41,NA,NA
Snow_fence,2008,mid_august,KOM/HER,Fence 2,10,52,NA,NA
Snow_fence,2008,mid_august,KOM/HER,Fence 2,11,48,NA,NA
Snow_fence,2008,mid_august,KOM/HER,Fence 2,12,46,NA,NA
Snow_fence,2008,mid_august,KOM/HER,Fence 2,13,46,NA,NA
Snow_fence,2008,mid_august,KOM/HER,Fence 2,14,52,NA,NA
Snow_fence,2008,mid_august,KOM/HER,Fence 2,15,46,NA,NA
Snow_fence,2008,mid_august,KOM/HER,Fence 2,16,45,NA,NA
Snow_fence,2008,mid_august,KOM/HER,Fence 2,17,50,NA,NA
Snow_fence,2008,mid_august,KOM/HER,Fence 2,18,55,NA,NA
Snow_fence,2008,mid_august,KOM/HER,Fence 2,19,41,NA,NA
Snow_fence,2008,mid_august,KOM/HER,Fence 2,20,54,NA,NA
Snow_fence,2008,mid_august,KOM/HER,Control,1,53,NA,NA
Snow_fence,2008,mid_august,KOM/HER,Control,2,47,NA,NA
Snow_fence,2008,mid_august,KOM/HER,Control,3,43,NA,NA
Snow_fence,2008,mid_august,KOM/HER,Control,4,45,NA,NA
Snow_fence,2008,mid_august,KOM/HER,Control,5,42,NA,NA
Snow_fence,2008,mid_august,KOM/HER,Control,6,51,NA,NA
Snow_fence,2008,mid_august,KOM/HER,Control,7,54,NA,NA
Snow_fence,2008,mid_august,KOM/HER,Control,8,50,NA,NA
Snow_fence,2008,mid_august,KOM/HER,Control,9,51,NA,NA
Snow_fence,2008,mid_august,KOM/HER,Control,10,42,NA,NA
Snow_fence,2008,mid_august,KOM/HER,Control,11,53,NA,NA
PS_drone_phenology_plots,2016,13-Aug-16,HER,PS2,SE,34.5,NA,NA
PS_drone_phenology_plots,2016,13-Aug-16,KOM,PS2,NE,34.9,NA,NA
PS_drone_phenology_plots,2016,13-Aug-16,HER,PS3,SW,37.5,NA,NA
PS_drone_phenology_plots,2016,13-Aug-16,HER,PS4,SE,38.1,NA,NA
PS_drone_phenology_plots,2016,13-Aug-16,HER,PS1,SW,39,NA,NA
PS_drone_phenology_plots,2016,13-Aug-16,HER,PS2,NW,39,NA,NA
PS_drone_phenology_plots,2016,13-Aug-16,KOM,PS4,SW,39.2,NA,NA
PS_drone_phenology_plots,2016,13-Aug-16,KOM,PS1,SW,41.5,NA,NA
PS_drone_phenology_plots,2016,13-Aug-16,HER,PS1,NW,41.7,NA,NA
PS_drone_phenology_plots,2016,13-Aug-16,HER,PS2,SW,41.9,NA,NA
PS_drone_phenology_plots,2016,13-Aug-16,HER,PS3,SE,42.9,NA,NA
PS_drone_phenology_plots,2016,13-Aug-16,KOM,PS4,SE,43.6,NA,NA
PS_drone_phenology_plots,2016,13-Aug-16,KOM,PS4,NW,44.5,NA,NA
PS_drone_phenology_plots,2016,13-Aug-16,KOM,PS1,NW,44.7,NA,NA
PS_drone_phenology_plots,2016,13-Aug-16,KOM,PS2,NW,44.9,NA,NA
PS_drone_phenology_plots,2016,13-Aug-16,HER,PS1,SE,45.2,NA,NA
PS_drone_phenology_plots,2016,13-Aug-16,HER,PS3,NE,45.3,NA,NA
PS_drone_phenology_plots,2016,13-Aug-16,KOM,PS3,NE,45.9,NA,NA
PS_drone_phenology_plots,2016,13-Aug-16,KOM,PS3,SE,46.7,NA,NA
PS_drone_phenology_plots,2016,13-Aug-16,HER,PS4,NW,47.1,NA,NA
PS_drone_phenology_plots,2016,13-Aug-16,HER,PS2,NE,47.4,NA,NA
PS_drone_phenology_plots,2016,13-Aug-16,HER,PS4,SW,47.9,NA,NA
PS_drone_phenology_plots,2016,13-Aug-16,KOM,PS4,NE,48,NA,NA
PS_drone_phenology_plots,2016,13-Aug-16,HER,PS4,NE,48.7,NA,NA
PS_drone_phenology_plots,2016,13-Aug-16,KOM,PS1,SE,50.3,NA,NA
PS_drone_phenology_plots,2016,13-Aug-16,HER,PS1,NE,51,NA,NA
PS_drone_phenology_plots,2016,13-Aug-16,KOM,PS3,NW,51.1,NA,NA
PS_drone_phenology_plots,2016,13-Aug-16,HER,PS3,NW,51.2,NA,NA
PS_drone_phenology_plots,2016,13-Aug-16,KOM,PS2,SE,52,NA,NA
PS_drone_phenology_plots,2016,13-Aug-16,KOM,PS1,NE,53.8,NA,NA
PS_drone_phenology_plots,2016,13-Aug-16,KOM,PS3,SW,55.6,NA,NA
PS_drone_phenology_plots,2016,13-Aug-16,KOM,PS2,SW,57.6,NA,NA
PS_drone_phenology_plots,2017,09-Aug-17,HER,PS1,NE,58.5,NA,NA
PS_drone_phenology_plots,2017,09-Aug-17,HER,PS1,NW,49.4,NA,NA
PS_drone_phenology_plots,2017,09-Aug-17,HER,PS1,SW,48.4,NA,NA
PS_drone_phenology_plots,2017,09-Aug-17,HER,PS1,SE,50.6,NA,NA
PS_drone_phenology_plots,2017,09-Aug-17,KOM,PS1,NE,58,NA,NA
PS_drone_phenology_plots,2017,09-Aug-17,KOM,PS1,NW,52.1,NA,NA
PS_drone_phenology_plots,2017,09-Aug-17,KOM,PS1,SW,46.5,NA,NA
PS_drone_phenology_plots,2017,09-Aug-17,KOM,PS1,SE,53.4,NA,NA
PS_drone_phenology_plots,2017,09-Aug-17,HER,PS2,NE,52.8,NA,NA
PS_drone_phenology_plots,2017,09-Aug-17,HER,PS2,NW,49.5,NA,NA
PS_drone_phenology_plots,2017,09-Aug-17,HER,PS2,SW,49.2,NA,NA
PS_drone_phenology_plots,2017,09-Aug-17,HER,PS2,SE,46.6,NA,NA
PS_drone_phenology_plots,2017,09-Aug-17,KOM,PS2,NE,38.6,NA,NA
PS_drone_phenology_plots,2017,09-Aug-17,KOM,PS2,NW,61,NA,NA
PS_drone_phenology_plots,2017,09-Aug-17,KOM,PS2,SW,66.6,NA,NA
PS_drone_phenology_plots,2017,09-Aug-17,KOM,PS2,SE,63.5,NA,NA
PS_drone_phenology_plots,2017,09-Aug-17,HER,PS3,NE,56.2,NA,NA
PS_drone_phenology_plots,2017,09-Aug-17,HER,PS3,NW,52.9,NA,NA
PS_drone_phenology_plots,2017,09-Aug-17,HER,PS3,SW,40.3,NA,NA
PS_drone_phenology_plots,2017,09-Aug-17,HER,PS3,SE,47.8,NA,NA
PS_drone_phenology_plots,2017,09-Aug-17,KOM,PS3,NE,46.2,NA,NA
PS_drone_phenology_plots,2017,09-Aug-17,KOM,PS3,NW,50.6,NA,NA
PS_drone_phenology_plots,2017,09-Aug-17,KOM,PS3,SW,51.6,NA,NA
PS_drone_phenology_plots,2017,09-Aug-17,KOM,PS3,SE,57,NA,NA
PS_drone_phenology_plots,2017,09-Aug-17,HER,PS4,NE,46.6,NA,NA
PS_drone_phenology_plots,2017,09-Aug-17,HER,PS4,NW,48.5,NA,NA
PS_drone_phenology_plots,2017,09-Aug-17,HER,PS4,SW,55,NA,NA
PS_drone_phenology_plots,2017,09-Aug-17,HER,PS4,SE,43.2,NA,NA
PS_drone_phenology_plots,2017,09-Aug-17,KOM,PS4,NE,50.1,NA,NA
PS_drone_phenology_plots,2017,09-Aug-17,KOM,PS4,NW,45,NA,NA
PS_drone_phenology_plots,2017,09-Aug-17,KOM,PS4,SW,43.5,NA,NA
PS_drone_phenology_plots,2017,09-Aug-17,KOM,PS4,SE,42.4,NA,NA
Active_layer_monitoring_protocol,2017,15-Aug-17,HER,CC,ALCC1,51.8,NA,NA
Active_layer_monitoring_protocol,2017,15-Aug-17,HER,CC,ALCC1,52.9,NA,NA
Active_layer_monitoring_protocol,2017,15-Aug-17,HER,CC,ALCC1,54,NA,NA
Active_layer_monitoring_protocol,2017,15-Aug-17,HER,CC,ALCC2,51.7,NA,NA
Active_layer_monitoring_protocol,2017,15-Aug-17,HER,CC,ALCC2,51.5,NA,NA
Active_layer_monitoring_protocol,2017,15-Aug-17,HER,CC,ALCC2,53.4,NA,NA
Active_layer_monitoring_protocol,2017,15-Aug-17,HER,CC,ALCC3,48.7,NA,NA
Active_layer_monitoring_protocol,2017,15-Aug-17,HER,CC,ALCC3,46.5,NA,NA
Active_layer_monitoring_protocol,2017,15-Aug-17,HER,CC,ALCC3,48.2,NA,NA
Active_layer_monitoring_protocol,2017,15-Aug-17,HER,CC,ALCC4,37.5,NA,NA
Active_layer_monitoring_protocol,2017,15-Aug-17,HER,CC,ALCC4,40.7,NA,NA
Active_layer_monitoring_protocol,2017,15-Aug-17,HER,CC,ALCC4,38.7,NA,NA
Active_layer_monitoring_protocol,2017,15-Aug-17,HER,CC,ALCC5,40.9,NA,NA
Active_layer_monitoring_protocol,2017,15-Aug-17,HER,CC,ALCC5,39.8,NA,NA
Active_layer_monitoring_protocol,2017,15-Aug-17,HER,CC,ALCC5,40.1,NA,NA
Active_layer_monitoring_protocol,2017,15-Aug-17,HER,CC,ALCC6,41.3,NA,NA
Active_layer_monitoring_protocol,2017,15-Aug-17,HER,CC,ALCC6,44.9,NA,NA
Active_layer_monitoring_protocol,2017,15-Aug-17,HER,CC,ALCC6,46.8,NA,NA
Active_layer_monitoring_protocol,2017,15-Aug-17,KOM,CC,ALCC7,53.2,NA,NA
Active_layer_monitoring_protocol,2017,15-Aug-17,KOM,CC,ALCC7,53.2,NA,NA
Active_layer_monitoring_protocol,2017,15-Aug-17,KOM,CC,ALCC7,56.2,NA,NA
Active_layer_monitoring_protocol,2017,15-Aug-17,KOM,CC,ALCC8,79.4,NA,NA
Active_layer_monitoring_protocol,2017,15-Aug-17,KOM,CC,ALCC8,72.8,NA,NA
Active_layer_monitoring_protocol,2017,15-Aug-17,KOM,CC,ALCC8,74.2,NA,NA
Active_layer_monitoring_protocol,2017,15-Aug-17,KOM,CC,ALCC9,NA,NA,NA
Active_layer_monitoring_protocol,2017,15-Aug-17,KOM,CC,ALCC9,NA,NA,NA
Active_layer_monitoring_protocol,2017,15-Aug-17,KOM,CC,ALCC9,NA,NA,NA
Active_layer_monitoring_protocol,2017,15-Aug-17,KOM,CC,ALCC10,NA,NA,NA
Active_layer_monitoring_protocol,2017,15-Aug-17,KOM,CC,ALCC10,NA,NA,NA
Active_layer_monitoring_protocol,2017,15-Aug-17,KOM,CC,ALCC10,NA,NA,NA
Active_layer_monitoring_protocol,2017,15-Aug-17,KOM,CC,ALCC11,64.8,NA,NA
Active_layer_monitoring_protocol,2017,15-Aug-17,KOM,CC,ALCC11,64.6,NA,NA
Active_layer_monitoring_protocol,2017,15-Aug-17,KOM,CC,ALCC11,64.2,NA,NA
Active_layer_monitoring_protocol,2017,15-Aug-17,KOM,CC,ALCC12,87.2,NA,NA
Active_layer_monitoring_protocol,2017,15-Aug-17,KOM,CC,ALCC12,87,NA,NA
Active_layer_monitoring_protocol,2017,15-Aug-17,KOM,CC,ALCC12,82,NA,NA
Active_layer_monitoring_protocol,2017,15-Aug-17,KOM,CC,ALCC13,74.8,NA,NA
Active_layer_monitoring_protocol,2017,15-Aug-17,KOM,CC,ALCC13,74.6,NA,NA
Active_layer_monitoring_protocol,2017,15-Aug-17,KOM,CC,ALCC13,74.2,NA,NA
Active_layer_monitoring_protocol,2017,15-Aug-17,KOM,CC,ALCC14,75.9,NA,NA
Active_layer_monitoring_protocol,2017,15-Aug-17,KOM,CC,ALCC14,71.3,NA,NA
Active_layer_monitoring_protocol,2017,15-Aug-17,KOM,CC,ALCC14,75.1,NA,NA
Active_layer_monitoring_protocol,2017,14-Aug-17,KOM,PR,ALPR1,73.3,NA,NA
Active_layer_monitoring_protocol,2017,14-Aug-17,KOM,PR,ALPR1,76.3,NA,NA
Active_layer_monitoring_protocol,2017,14-Aug-17,KOM,PR,ALPR1,73.9,NA,NA
Active_layer_monitoring_protocol,2017,14-Aug-17,KOM,PR,ALPR2,62.1,NA,NA
Active_layer_monitoring_protocol,2017,14-Aug-17,KOM,PR,ALPR2,68,NA,NA
Active_layer_monitoring_protocol,2017,14-Aug-17,KOM,PR,ALPR2,63.4,NA,NA
Active_layer_monitoring_protocol,2017,14-Aug-17,KOM,PR,ALPR3,75.5,NA,NA
Active_layer_monitoring_protocol,2017,14-Aug-17,KOM,PR,ALPR3,75.6,NA,NA
Active_layer_monitoring_protocol,2017,14-Aug-17,KOM,PR,ALPR3,77,NA,NA
Active_layer_monitoring_protocol,2017,14-Aug-17,KOM,PR,ALPR4,72.7,NA,NA
Active_layer_monitoring_protocol,2017,14-Aug-17,KOM,PR,ALPR4,70.2,NA,NA
Active_layer_monitoring_protocol,2017,14-Aug-17,KOM,PR,ALPR4,71,NA,NA
Active_layer_monitoring_protocol,2017,14-Aug-17,KOM,PR,ALPR5,66.9,NA,NA
Active_layer_monitoring_protocol,2017,14-Aug-17,KOM,PR,ALPR5,69.9,NA,NA
Active_layer_monitoring_protocol,2017,14-Aug-17,KOM,PR,ALPR5,67.9,NA,NA
Active_layer_monitoring_protocol,2017,14-Aug-17,KOM,PR,ALPR6,60,NA,NA
Active_layer_monitoring_protocol,2017,14-Aug-17,KOM,PR,ALPR6,61.4,NA,NA
Active_layer_monitoring_protocol,2017,14-Aug-17,KOM,PR,ALPR6,63.2,NA,NA
Active_layer_monitoring_protocol,2017,14-Aug-17,KOM,PR,ALPR7,69,NA,NA
Active_layer_monitoring_protocol,2017,14-Aug-17,KOM,PR,ALPR7,71.9,NA,NA
Active_layer_monitoring_protocol,2017,14-Aug-17,KOM,PR,ALPR7,70.2,NA,NA
Active_layer_monitoring_protocol,2017,14-Aug-17,KOM,PR,ALPR8,58.4,NA,NA
Active_layer_monitoring_protocol,2017,14-Aug-17,KOM,PR,ALPR8,59.8,NA,NA
Active_layer_monitoring_protocol,2017,14-Aug-17,KOM,PR,ALPR8,58.2,NA,NA
Active_layer_monitoring_protocol,2017,14-Aug-17,HER,PR,ALPR9,43.2,NA,NA
Active_layer_monitoring_protocol,2017,14-Aug-17,HER,PR,ALPR9,43.5,NA,NA
Active_layer_monitoring_protocol,2017,14-Aug-17,HER,PR,ALPR9,45.9,NA,NA
Active_layer_monitoring_protocol,2017,14-Aug-17,HER,PR,ALPR10,51.7,NA,NA
Active_layer_monitoring_protocol,2017,14-Aug-17,HER,PR,ALPR10,54.5,NA,NA
Active_layer_monitoring_protocol,2017,14-Aug-17,HER,PR,ALPR10,51.9,NA,NA
Active_layer_monitoring_protocol,2017,14-Aug-17,HER,PR,ALPR11,41,NA,NA
Active_layer_monitoring_protocol,2017,14-Aug-17,HER,PR,ALPR11,40.7,NA,NA
Active_layer_monitoring_protocol,2017,14-Aug-17,HER,PR,ALPR11,44.3,NA,NA
Active_layer_monitoring_protocol,2017,14-Aug-17,HER,PR,ALPR12,44.8,NA,NA
Active_layer_monitoring_protocol,2017,14-Aug-17,HER,PR,ALPR12,45.4,NA,NA
Active_layer_monitoring_protocol,2017,14-Aug-17,HER,PR,ALPR12,47.9,NA,NA